institution,slug,country,continent,repository_code,archive_type,ifi_archive_player_detail_url,content_available_in_source,website_available,partner_site,internal_page,status,http_code,video_links_found,embedded_signals,warning,error
IFI Irish Film Archive,ifi-irish-film-archive,Ireland,Europe,IE-IFI-IFA,National film archive,https://ifiarchiveplayer.ie/,True,True,https://ifiarchiveplayer.ie/,https://ifiarchiveplayer.ie/sitemap_index.xml,ok,200,2,0,Índice público de sitemaps; post-sitemaps anunciados=2; robots=robots_evaluated_rfc9309.,
IFI Irish Film Archive,ifi-irish-film-archive,Ireland,Europe,IE-IFI-IFA,National film archive,https://ifiarchiveplayer.ie/,True,True,https://ifiarchiveplayer.ie/,https://ifiarchiveplayer.ie/post-sitemap.xml,ok,200,1000,0,Partição post-sitemap; permalinks únicos=1000; robots=robots_evaluated_rfc9309.,
IFI Irish Film Archive,ifi-irish-film-archive,Ireland,Europe,IE-IFI-IFA,National film archive,https://ifiarchiveplayer.ie/,True,True,https://ifiarchiveplayer.ie/,https://ifiarchiveplayer.ie/post-sitemap2.xml,ok,200,115,0,Partição post-sitemap; permalinks únicos=115; robots=robots_evaluated_rfc9309.,
IFI Irish Film Archive,ifi-irish-film-archive,Ireland,Europe,IE-IFI-IFA,National film archive,https://ifiarchiveplayer.ie/,True,True,https://ifiarchiveplayer.ie/,https://ifiarchiveplayer.ie/200-escape-death-belfast-dublin-rail-crash/,ok,200,1,0,Ficha pública enriquecida deterministicamente; robots=robots_evaluated_rfc9309.,
IFI Irish Film Archive,ifi-irish-film-archive,Ireland,Europe,IE-IFI-IFA,National film archive,https://ifiarchiveplayer.ie/,True,True,https://ifiarchiveplayer.ie/,https://ifiarchiveplayer.ie/23-degrees-5-minutes/,ok,200,1,0,Ficha pública enriquecida deterministicamente; robots=robots_evaluated_rfc9309.,
IFI Irish Film Archive,ifi-irish-film-archive,Ireland,Europe,IE-IFI-IFA,National film archive,https://ifiarchiveplayer.ie/,True,True,https://ifiarchiveplayer.ie/,https://ifiarchiveplayer.ie/2nd-ulster-cross-country-classic/,ok,200,1,0,Ficha pública enriquecida deterministicamente; robots=robots_evaluated_rfc9309.,
IFI Irish Film Archive,ifi-irish-film-archive,Ireland,Europe,IE-IFI-IFA,National film archive,https://ifiarchiveplayer.ie/,True,True,https://ifiarchiveplayer.ie/,https://ifiarchiveplayer.ie/30000-farmers-in-limerick-price-protest-march/,ok,200,1,0,Ficha pública enriquecida deterministicamente; robots=robots_evaluated_rfc9309.,
IFI Irish Film Archive,ifi-irish-film-archive,Ireland,Europe,IE-IFI-IFA,National film archive,https://ifiarchiveplayer.ie/,True,True,https://ifiarchiveplayer.ie/,https://ifiarchiveplayer.ie/300000-at-demonstration/,ok,200,1,0,Ficha pública enriquecida deterministicamente; robots=robots_evaluated_rfc9309.,
IFI Irish Film Archive,ifi-irish-film-archive,Ireland,Europe,IE-IFI-IFA,National film archive,https://ifiarchiveplayer.ie/,True,True,https://ifiarchiveplayer.ie/,https://ifiarchiveplayer.ie/a-bygone-craft/,ok,200,1,0,Ficha pública enriquecida deterministicamente; robots=robots_evaluated_rfc9309.,
IFI Irish Film Archive,ifi-irish-film-archive,Ireland,Europe,IE-IFI-IFA,National film archive,https://ifiarchiveplayer.ie/,True,True,https://ifiarchiveplayer.ie/,https://ifiarchiveplayer.ie/a-city-solitary/,ok,200,1,0,Ficha pública enriquecida deterministicamente; robots=robots_evaluated_rfc9309.,
IFI Irish Film Archive,ifi-irish-film-archive,Ireland,Europe,IE-IFI-IFA,National film archive,https://ifiarchiveplayer.ie/,True,True,https://ifiarchiveplayer.ie/,https://ifiarchiveplayer.ie/a-day-of-drama-2/,ok,200,1,0,Ficha pública enriquecida deterministicamente; robots=robots_evaluated_rfc9309.,
IFI Irish Film Archive,ifi-irish-film-archive,Ireland,Europe,IE-IFI-IFA,National film archive,https://ifiarchiveplayer.ie/,True,True,https://ifiarchiveplayer.ie/,https://ifiarchiveplayer.ie/a-day-of-drama/,ok,200,1,0,Ficha pública enriquecida deterministicamente; robots=robots_evaluated_rfc9309.,
IFI Irish Film Archive,ifi-irish-film-archive,Ireland,Europe,IE-IFI-IFA,National film archive,https://ifiarchiveplayer.ie/,True,True,https://ifiarchiveplayer.ie/,https://ifiarchiveplayer.ie/a-fathers-letter/,ok,200,1,0,Ficha pública enriquecida deterministicamente; robots=robots_evaluated_rfc9309.,
IFI Irish Film Archive,ifi-irish-film-archive,Ireland,Europe,IE-IFI-IFA,National film archive,https://ifiarchiveplayer.ie/,True,True,https://ifiarchiveplayer.ie/,https://ifiarchiveplayer.ie/a-ferret-call-mickey/,ok,200,1,0,Ficha pública enriquecida deterministicamente; robots=robots_evaluated_rfc9309.,
IFI Irish Film Archive,ifi-irish-film-archive,Ireland,Europe,IE-IFI-IFA,National film archive,https://ifiarchiveplayer.ie/,True,True,https://ifiarchiveplayer.ie/,https://ifiarchiveplayer.ie/a-good-age-ageism/,ok,200,1,0,Ficha pública enriquecida deterministicamente; robots=robots_evaluated_rfc9309.,
IFI Irish Film Archive,ifi-irish-film-archive,Ireland,Europe,IE-IFI-IFA,National film archive,https://ifiarchiveplayer.ie/,True,True,https://ifiarchiveplayer.ie/,https://ifiarchiveplayer.ie/a-good-age-fighting-back/,ok,200,1,0,Ficha pública enriquecida deterministicamente; robots=robots_evaluated_rfc9309.,
IFI Irish Film Archive,ifi-irish-film-archive,Ireland,Europe,IE-IFI-IFA,National film archive,https://ifiarchiveplayer.ie/,True,True,https://ifiarchiveplayer.ie/,https://ifiarchiveplayer.ie/a-good-age-introduction/,ok,200,1,0,Ficha pública enriquecida deterministicamente; robots=robots_evaluated_rfc9309.,
IFI Irish Film Archive,ifi-irish-film-archive,Ireland,Europe,IE-IFI-IFA,National film archive,https://ifiarchiveplayer.ie/,True,True,https://ifiarchiveplayer.ie/,https://ifiarchiveplayer.ie/a-good-age-long-weekend/,ok,200,1,0,Ficha pública enriquecida deterministicamente; robots=robots_evaluated_rfc9309.,
IFI Irish Film Archive,ifi-irish-film-archive,Ireland,Europe,IE-IFI-IFA,National film archive,https://ifiarchiveplayer.ie/,True,True,https://ifiarchiveplayer.ie/,https://ifiarchiveplayer.ie/a-good-age-looking/,ok,200,1,0,Ficha pública enriquecida deterministicamente; robots=robots_evaluated_rfc9309.,
IFI Irish Film Archive,ifi-irish-film-archive,Ireland,Europe,IE-IFI-IFA,National film archive,https://ifiarchiveplayer.ie/,True,True,https://ifiarchiveplayer.ie/,https://ifiarchiveplayer.ie/a-good-age-relationships/,ok,200,1,0,Ficha pública enriquecida deterministicamente; robots=robots_evaluated_rfc9309.,
IFI Irish Film Archive,ifi-irish-film-archive,Ireland,Europe,IE-IFI-IFA,National film archive,https://ifiarchiveplayer.ie/,True,True,https://ifiarchiveplayer.ie/,https://ifiarchiveplayer.ie/a-good-age-renewal/,ok,200,1,0,Ficha pública enriquecida deterministicamente; robots=robots_evaluated_rfc9309.,
IFI Irish Film Archive,ifi-irish-film-archive,Ireland,Europe,IE-IFI-IFA,National film archive,https://ifiarchiveplayer.ie/,True,True,https://ifiarchiveplayer.ie/,https://ifiarchiveplayer.ie/a-hard-days-knight/,ok,200,1,0,Ficha pública enriquecida deterministicamente; robots=robots_evaluated_rfc9309.,
IFI Irish Film Archive,ifi-irish-film-archive,Ireland,Europe,IE-IFI-IFA,National film archive,https://ifiarchiveplayer.ie/,True,True,https://ifiarchiveplayer.ie/,https://ifiarchiveplayer.ie/a-million-people-kneel-in-worship/,ok,200,1,0,Ficha pública enriquecida deterministicamente; robots=robots_evaluated_rfc9309.,
IFI Irish Film Archive,ifi-irish-film-archive,Ireland,Europe,IE-IFI-IFA,National film archive,https://ifiarchiveplayer.ie/,True,True,https://ifiarchiveplayer.ie/,https://ifiarchiveplayer.ie/a-plague-on-both-your-houses/,ok,200,1,0,Ficha pública enriquecida deterministicamente; robots=robots_evaluated_rfc9309.,
IFI Irish Film Archive,ifi-irish-film-archive,Ireland,Europe,IE-IFI-IFA,National film archive,https://ifiarchiveplayer.ie/,True,True,https://ifiarchiveplayer.ie/,https://ifiarchiveplayer.ie/a-terrible-hullabaloo/,ok,200,1,0,Ficha pública enriquecida deterministicamente; robots=robots_evaluated_rfc9309.,
IFI Irish Film Archive,ifi-irish-film-archive,Ireland,Europe,IE-IFI-IFA,National film archive,https://ifiarchiveplayer.ie/,True,True,https://ifiarchiveplayer.ie/,https://ifiarchiveplayer.ie/a-wet-christmas-in-howth/,ok,200,1,0,Ficha pública enriquecida deterministicamente; robots=robots_evaluated_rfc9309.,
IFI Irish Film Archive,ifi-irish-film-archive,Ireland,Europe,IE-IFI-IFA,National film archive,https://ifiarchiveplayer.ie/,True,True,https://ifiarchiveplayer.ie/,https://ifiarchiveplayer.ie/abbeyfeale-most-irish-town-with-de-valera-and-sean-o-riada/,ok,200,1,0,Ficha pública enriquecida deterministicamente; robots=robots_evaluated_rfc9309.,
