institution,slug,country,continent,repository_code,archive_type,image_est_detail_url,content_available_in_source,website_available,partner_site,internal_page,status,http_code,video_links_found,embedded_signals,warning,error
Image'Est,image-est,France,Europe,FR-IMAGE-EST,Regional audiovisual heritage archive,https://www.image-est.fr/,True,True,https://www.image-est.fr/,https://www.image-est.fr/sitemap.xml,ok,200,53694,0,"Sitemap público declarado por robots; tipos={'1': 2351, '2': 50654, '3': 689}; robots=robots_evaluated_rfc9309.",
Image'Est,image-est,France,Europe,FR-IMAGE-EST,Regional audiovisual heritage archive,https://www.image-est.fr/,True,True,https://www.image-est.fr/,https://www.image-est.fr/fiche-documentaire-%E2%80%9Cdes-gestes-et-des-mots%E2%80%9C-1284-1858-1-0.html,ok,200,1,0,Amostra semântica determinística para validar Image'Est type=1.,
Image'Est,image-est,France,Europe,FR-IMAGE-EST,Regional audiovisual heritage archive,https://www.image-est.fr/,True,True,https://www.image-est.fr/,https://www.image-est.fr/fiche-documentaire-%E2%80%9Cimpressions-chimiques%E2%80%9C-les-risques-chimiques-en-serigraphie-1284-1900-1-0.html,ok,200,1,0,Amostra semântica determinística para validar Image'Est type=1.,
Image'Est,image-est,France,Europe,FR-IMAGE-EST,Regional audiovisual heritage archive,https://www.image-est.fr/,True,True,https://www.image-est.fr/,https://www.image-est.fr/sitemap.xml#type=1,ok,200,2351,0,Classificação estrutural type=1: audiovisual; esperado=audiovisual.,
Image'Est,image-est,France,Europe,FR-IMAGE-EST,Regional audiovisual heritage archive,https://www.image-est.fr/,True,True,https://www.image-est.fr/,https://www.image-est.fr/fiche-documentaire-%C2%BCuvres-sociales-de-la-madeleine-laneuveville-devant-nancy-1284-12947-2-0.html,ok,200,1,0,Amostra semântica determinística para validar Image'Est type=2.,
Image'Est,image-est,France,Europe,FR-IMAGE-EST,Regional audiovisual heritage archive,https://www.image-est.fr/,True,True,https://www.image-est.fr/,https://www.image-est.fr/fiche-documentaire-%C2%BCuvres-sociales-de-la-madeleine-laneuveville-devant-nancy-1284-12948-2-0.html,ok,200,1,0,Amostra semântica determinística para validar Image'Est type=2.,
Image'Est,image-est,France,Europe,FR-IMAGE-EST,Regional audiovisual heritage archive,https://www.image-est.fr/,True,True,https://www.image-est.fr/,https://www.image-est.fr/sitemap.xml#type=2,ok,200,50654,0,Classificação estrutural type=2: non_audiovisual; esperado=non_audiovisual.,
Image'Est,image-est,France,Europe,FR-IMAGE-EST,Regional audiovisual heritage archive,https://www.image-est.fr/,True,True,https://www.image-est.fr/,https://www.image-est.fr/fiche-documentaire-11-novembre-a-jonchery-sur-suippes-marne-1284-651-3-0.html,ok,200,1,0,Amostra semântica determinística para validar Image'Est type=3.,
Image'Est,image-est,France,Europe,FR-IMAGE-EST,Regional audiovisual heritage archive,https://www.image-est.fr/,True,True,https://www.image-est.fr/,https://www.image-est.fr/fiche-documentaire-14-juillet-a-chaumont-haute-marne-1284-664-3-0.html,ok,200,1,0,Amostra semântica determinística para validar Image'Est type=3.,
Image'Est,image-est,France,Europe,FR-IMAGE-EST,Regional audiovisual heritage archive,https://www.image-est.fr/,True,True,https://www.image-est.fr/,https://www.image-est.fr/sitemap.xml#type=3,ok,200,689,0,Classificação estrutural type=3: audiovisual; esperado=audiovisual.,
Image'Est,image-est,France,Europe,FR-IMAGE-EST,Regional audiovisual heritage archive,https://www.image-est.fr/,True,True,https://www.image-est.fr/,https://www.image-est.fr/fiche-documentaire-%E2%80%9Cla-grande-maille%E2%80%9C-djibouti-1284-2674-1-0.html,ok,200,1,0,Ficha audiovisual pública enriquecida deterministicamente; type=1.,
Image'Est,image-est,France,Europe,FR-IMAGE-EST,Regional audiovisual heritage archive,https://www.image-est.fr/,True,True,https://www.image-est.fr/,https://www.image-est.fr/fiche-documentaire-%E2%80%9Cla-vie-en-douceur%E2%80%9C-commercy-1284-1975-1-0.html,ok,200,1,0,Ficha audiovisual pública enriquecida deterministicamente; type=1.,
Image'Est,image-est,France,Europe,FR-IMAGE-EST,Regional audiovisual heritage archive,https://www.image-est.fr/,True,True,https://www.image-est.fr/,https://www.image-est.fr/fiche-documentaire-%E2%80%9Cle-voyage-de-sophie%E2%80%9C-1284-1964-1-0.html,ok,200,1,0,Ficha audiovisual pública enriquecida deterministicamente; type=1.,
Image'Est,image-est,France,Europe,FR-IMAGE-EST,Regional audiovisual heritage archive,https://www.image-est.fr/,True,True,https://www.image-est.fr/,https://www.image-est.fr/fiche-documentaire-%E2%80%9Cpetit-pierre%E2%80%9D-a-paris-ile-de-france-1284-1997-1-0.html,ok,200,1,0,Ficha audiovisual pública enriquecida deterministicamente; type=1.,
Image'Est,image-est,France,Europe,FR-IMAGE-EST,Regional audiovisual heritage archive,https://www.image-est.fr/,True,True,https://www.image-est.fr/,https://www.image-est.fr/fiche-documentaire-%E2%80%9Cprofession-botteur%E2%80%9C-1284-1965-1-0.html,ok,200,1,0,Ficha audiovisual pública enriquecida deterministicamente; type=1.,
Image'Est,image-est,France,Europe,FR-IMAGE-EST,Regional audiovisual heritage archive,https://www.image-est.fr/,True,True,https://www.image-est.fr/,https://www.image-est.fr/fiche-documentaire-%E2%80%9Crencontre-avec-l-art-contemporain%E2%80%9C-1284-1963-1-0.html,ok,200,1,0,Ficha audiovisual pública enriquecida deterministicamente; type=1.,
Image'Est,image-est,France,Europe,FR-IMAGE-EST,Regional audiovisual heritage archive,https://www.image-est.fr/,True,True,https://www.image-est.fr/,https://www.image-est.fr/fiche-documentaire-%E2%80%9Ctous-n-ont-pas-dit-oui%E2%80%9C-bure-1284-1855-1-0.html,ok,200,1,0,Ficha audiovisual pública enriquecida deterministicamente; type=1.,
Image'Est,image-est,France,Europe,FR-IMAGE-EST,Regional audiovisual heritage archive,https://www.image-est.fr/,True,True,https://www.image-est.fr/,https://www.image-est.fr/fiche-documentaire-11-novembre-a-chalons-en-champagne-1284-1100-1-0.html,ok,200,1,0,Ficha audiovisual pública enriquecida deterministicamente; type=1.,
Image'Est,image-est,France,Europe,FR-IMAGE-EST,Regional audiovisual heritage archive,https://www.image-est.fr/,True,True,https://www.image-est.fr/,https://www.image-est.fr/fiche-documentaire-13eme-centenaire-de-saint-die-des-vosges-1284-1024-1-0.html,ok,200,1,0,Ficha audiovisual pública enriquecida deterministicamente; type=1.,
Image'Est,image-est,France,Europe,FR-IMAGE-EST,Regional audiovisual heritage archive,https://www.image-est.fr/,True,True,https://www.image-est.fr/,https://www.image-est.fr/fiche-documentaire-14-juillet-1960-a-moussey-le-1284-1186-1-0.html,ok,200,1,0,Ficha audiovisual pública enriquecida deterministicamente; type=1.,
Image'Est,image-est,France,Europe,FR-IMAGE-EST,Regional audiovisual heritage archive,https://www.image-est.fr/,True,True,https://www.image-est.fr/,https://www.image-est.fr/fiche-documentaire-14-juillet-a-saint-hilaire-le-grand-marne-1284-433-3-0.html,ok,200,1,0,Ficha audiovisual pública enriquecida deterministicamente; type=3.,
Image'Est,image-est,France,Europe,FR-IMAGE-EST,Regional audiovisual heritage archive,https://www.image-est.fr/,True,True,https://www.image-est.fr/,https://www.image-est.fr/fiche-documentaire-14-juillet-a-saint-hilaire-le-grand-marne-1284-474-3-0.html,ok,200,1,0,Ficha audiovisual pública enriquecida deterministicamente; type=3.,
Image'Est,image-est,France,Europe,FR-IMAGE-EST,Regional audiovisual heritage archive,https://www.image-est.fr/,True,True,https://www.image-est.fr/,https://www.image-est.fr/fiche-documentaire-14-juillet-a-saint-hilaire-le-grand-marne-1284-495-3-0.html,ok,200,1,0,Ficha audiovisual pública enriquecida deterministicamente; type=3.,
Image'Est,image-est,France,Europe,FR-IMAGE-EST,Regional audiovisual heritage archive,https://www.image-est.fr/,True,True,https://www.image-est.fr/,https://www.image-est.fr/fiche-documentaire-14-juillet-a-saint-hilaire-le-grand-marne-1284-643-3-0.html,ok,200,1,0,Ficha audiovisual pública enriquecida deterministicamente; type=3.,
Image'Est,image-est,France,Europe,FR-IMAGE-EST,Regional audiovisual heritage archive,https://www.image-est.fr/,True,True,https://www.image-est.fr/,https://www.image-est.fr/fiche-documentaire-19e-salon-international-de-l-aeronautique-a-paris-1284-711-3-0.html,ok,200,1,0,Ficha audiovisual pública enriquecida deterministicamente; type=3.,
Image'Est,image-est,France,Europe,FR-IMAGE-EST,Regional audiovisual heritage archive,https://www.image-est.fr/,True,True,https://www.image-est.fr/,https://www.image-est.fr/fiche-documentaire-a-l-ecole-de-saint-hilaire-le-grand-marne-1284-542-3-0.html,ok,200,1,0,Ficha audiovisual pública enriquecida deterministicamente; type=3.,
Image'Est,image-est,France,Europe,FR-IMAGE-EST,Regional audiovisual heritage archive,https://www.image-est.fr/,True,True,https://www.image-est.fr/,https://www.image-est.fr/fiche-documentaire-a-l-ombre-de-la-pinede-balancoire-gouter-et-bain-de-mer...-1284-347-3-0.html,ok,200,1,0,Ficha audiovisual pública enriquecida deterministicamente; type=3.,
Image'Est,image-est,France,Europe,FR-IMAGE-EST,Regional audiovisual heritage archive,https://www.image-est.fr/,True,True,https://www.image-est.fr/,https://www.image-est.fr/fiche-documentaire-a-orly-ile-de-france-1284-678-3-0.html,ok,200,1,0,Ficha audiovisual pública enriquecida deterministicamente; type=3.,
Image'Est,image-est,France,Europe,FR-IMAGE-EST,Regional audiovisual heritage archive,https://www.image-est.fr/,True,True,https://www.image-est.fr/,https://www.image-est.fr/fiche-documentaire-accident-de-la-route-a-saint-hilaire-le-grand-marne-1284-473-3-0.html,ok,200,1,0,Ficha audiovisual pública enriquecida deterministicamente; type=3.,
Image'Est,image-est,France,Europe,FR-IMAGE-EST,Regional audiovisual heritage archive,https://www.image-est.fr/,True,True,https://www.image-est.fr/,https://www.image-est.fr/fiche-documentaire-activite-a-l-aeroport-1284-126-3-0.html,ok,200,1,0,Ficha audiovisual pública enriquecida deterministicamente; type=3.,
