institution,slug,country,continent,repository_code,archive_type,iwm_film_detail_url,content_available_in_source,website_available,partner_site,internal_page,status,http_code,video_links_found,embedded_signals,warning,error
Imperial War Museums,imperial-war-museums,United Kingdom,Europe,GB-IWM-FILM,National museum film archive,https://film.iwmcollections.org.uk/,True,True,https://film.iwmcollections.org.uk/,https://film.iwmcollections.org.uk/instance/sitemaps/sitemap-index.xml,ok,200,1,0,Índice público declarado por robots; partições de registros anunciadas=1; robots=robots_evaluated_rfc9309.,
Imperial War Museums,imperial-war-museums,United Kingdom,Europe,GB-IWM-FILM,National museum film archive,https://film.iwmcollections.org.uk/,True,True,https://film.iwmcollections.org.uk/,https://film.iwmcollections.org.uk/instance/sitemaps/sitemap-records-1.xml,ok,200,40877,0,Partição sitemap de registros; locs declarados=40877; permalinks únicos válidos=40877; robots=robots_evaluated_rfc9309.,
Imperial War Museums,imperial-war-museums,United Kingdom,Europe,GB-IWM-FILM,National museum film archive,https://film.iwmcollections.org.uk/,True,True,https://film.iwmcollections.org.uk/,https://film.iwmcollections.org.uk/record/10000,ok,200,1,0,Ficha pública enriquecida e validada semanticamente; digitised=no.,
Imperial War Museums,imperial-war-museums,United Kingdom,Europe,GB-IWM-FILM,National museum film archive,https://film.iwmcollections.org.uk/,True,True,https://film.iwmcollections.org.uk/,https://film.iwmcollections.org.uk/record/10001,ok,200,1,0,Ficha pública enriquecida e validada semanticamente; digitised=no.,
Imperial War Museums,imperial-war-museums,United Kingdom,Europe,GB-IWM-FILM,National museum film archive,https://film.iwmcollections.org.uk/,True,True,https://film.iwmcollections.org.uk/,https://film.iwmcollections.org.uk/record/10002,ok,200,1,0,Ficha pública enriquecida e validada semanticamente; digitised=no.,
Imperial War Museums,imperial-war-museums,United Kingdom,Europe,GB-IWM-FILM,National museum film archive,https://film.iwmcollections.org.uk/,True,True,https://film.iwmcollections.org.uk/,https://film.iwmcollections.org.uk/record/10003,ok,200,1,0,Ficha pública enriquecida e validada semanticamente; digitised=no.,
Imperial War Museums,imperial-war-museums,United Kingdom,Europe,GB-IWM-FILM,National museum film archive,https://film.iwmcollections.org.uk/,True,True,https://film.iwmcollections.org.uk/,https://film.iwmcollections.org.uk/record/10004,ok,200,1,0,Ficha pública enriquecida e validada semanticamente; digitised=no.,
Imperial War Museums,imperial-war-museums,United Kingdom,Europe,GB-IWM-FILM,National museum film archive,https://film.iwmcollections.org.uk/,True,True,https://film.iwmcollections.org.uk/,https://film.iwmcollections.org.uk/record/10005,ok,200,1,0,Ficha pública enriquecida e validada semanticamente; digitised=no.,
Imperial War Museums,imperial-war-museums,United Kingdom,Europe,GB-IWM-FILM,National museum film archive,https://film.iwmcollections.org.uk/,True,True,https://film.iwmcollections.org.uk/,https://film.iwmcollections.org.uk/record/10006,ok,200,1,0,Ficha pública enriquecida e validada semanticamente; digitised=no.,
Imperial War Museums,imperial-war-museums,United Kingdom,Europe,GB-IWM-FILM,National museum film archive,https://film.iwmcollections.org.uk/,True,True,https://film.iwmcollections.org.uk/,https://film.iwmcollections.org.uk/record/10007,ok,200,1,0,Ficha pública enriquecida e validada semanticamente; digitised=no.,
Imperial War Museums,imperial-war-museums,United Kingdom,Europe,GB-IWM-FILM,National museum film archive,https://film.iwmcollections.org.uk/,True,True,https://film.iwmcollections.org.uk/,https://film.iwmcollections.org.uk/record/10008,ok,200,1,0,Ficha pública enriquecida e validada semanticamente; digitised=no.,
Imperial War Museums,imperial-war-museums,United Kingdom,Europe,GB-IWM-FILM,National museum film archive,https://film.iwmcollections.org.uk/,True,True,https://film.iwmcollections.org.uk/,https://film.iwmcollections.org.uk/record/10009,ok,200,1,0,Ficha pública enriquecida e validada semanticamente; digitised=no.,
Imperial War Museums,imperial-war-museums,United Kingdom,Europe,GB-IWM-FILM,National museum film archive,https://film.iwmcollections.org.uk/,True,True,https://film.iwmcollections.org.uk/,https://film.iwmcollections.org.uk/record/1001,ok,200,1,0,Ficha pública enriquecida e validada semanticamente; digitised=yes.,
Imperial War Museums,imperial-war-museums,United Kingdom,Europe,GB-IWM-FILM,National museum film archive,https://film.iwmcollections.org.uk/,True,True,https://film.iwmcollections.org.uk/,https://film.iwmcollections.org.uk/record/10010,ok,200,1,0,Ficha pública enriquecida e validada semanticamente; digitised=no.,
Imperial War Museums,imperial-war-museums,United Kingdom,Europe,GB-IWM-FILM,National museum film archive,https://film.iwmcollections.org.uk/,True,True,https://film.iwmcollections.org.uk/,https://film.iwmcollections.org.uk/record/10011,ok,200,1,0,Ficha pública enriquecida e validada semanticamente; digitised=no.,
Imperial War Museums,imperial-war-museums,United Kingdom,Europe,GB-IWM-FILM,National museum film archive,https://film.iwmcollections.org.uk/,True,True,https://film.iwmcollections.org.uk/,https://film.iwmcollections.org.uk/record/10012,ok,200,1,0,Ficha pública enriquecida e validada semanticamente; digitised=no.,
Imperial War Museums,imperial-war-museums,United Kingdom,Europe,GB-IWM-FILM,National museum film archive,https://film.iwmcollections.org.uk/,True,True,https://film.iwmcollections.org.uk/,https://film.iwmcollections.org.uk/record/10013,ok,200,1,0,Ficha pública enriquecida e validada semanticamente; digitised=no.,
Imperial War Museums,imperial-war-museums,United Kingdom,Europe,GB-IWM-FILM,National museum film archive,https://film.iwmcollections.org.uk/,True,True,https://film.iwmcollections.org.uk/,https://film.iwmcollections.org.uk/record/10014,ok,200,1,0,Ficha pública enriquecida e validada semanticamente; digitised=yes.,
Imperial War Museums,imperial-war-museums,United Kingdom,Europe,GB-IWM-FILM,National museum film archive,https://film.iwmcollections.org.uk/,True,True,https://film.iwmcollections.org.uk/,https://film.iwmcollections.org.uk/record/10015,ok,200,1,0,Ficha pública enriquecida e validada semanticamente; digitised=yes.,
Imperial War Museums,imperial-war-museums,United Kingdom,Europe,GB-IWM-FILM,National museum film archive,https://film.iwmcollections.org.uk/,True,True,https://film.iwmcollections.org.uk/,https://film.iwmcollections.org.uk/record/10016,ok,200,1,0,Ficha pública enriquecida e validada semanticamente; digitised=no.,
Imperial War Museums,imperial-war-museums,United Kingdom,Europe,GB-IWM-FILM,National museum film archive,https://film.iwmcollections.org.uk/,True,True,https://film.iwmcollections.org.uk/,https://film.iwmcollections.org.uk/record/10017,ok,200,1,0,Ficha pública enriquecida e validada semanticamente; digitised=no.,
Imperial War Museums,imperial-war-museums,United Kingdom,Europe,GB-IWM-FILM,National museum film archive,https://film.iwmcollections.org.uk/,True,True,https://film.iwmcollections.org.uk/,https://film.iwmcollections.org.uk/record/10018,ok,200,1,0,Ficha pública enriquecida e validada semanticamente; digitised=no.,
Imperial War Museums,imperial-war-museums,United Kingdom,Europe,GB-IWM-FILM,National museum film archive,https://film.iwmcollections.org.uk/,True,True,https://film.iwmcollections.org.uk/,https://film.iwmcollections.org.uk/record/10019,ok,200,1,0,Ficha pública enriquecida e validada semanticamente; digitised=no.,
Imperial War Museums,imperial-war-museums,United Kingdom,Europe,GB-IWM-FILM,National museum film archive,https://film.iwmcollections.org.uk/,True,True,https://film.iwmcollections.org.uk/,https://film.iwmcollections.org.uk/record/1002,ok,200,1,0,Ficha pública enriquecida e validada semanticamente; digitised=yes.,
Imperial War Museums,imperial-war-museums,United Kingdom,Europe,GB-IWM-FILM,National museum film archive,https://film.iwmcollections.org.uk/,True,True,https://film.iwmcollections.org.uk/,https://film.iwmcollections.org.uk/record/10020,ok,200,1,0,Ficha pública enriquecida e validada semanticamente; digitised=no.,
Imperial War Museums,imperial-war-museums,United Kingdom,Europe,GB-IWM-FILM,National museum film archive,https://film.iwmcollections.org.uk/,True,True,https://film.iwmcollections.org.uk/,https://film.iwmcollections.org.uk/record/10021,ok,200,1,0,Ficha pública enriquecida e validada semanticamente; digitised=no.,
