institution,slug,country,continent,repository_code,archive_type,murnau_stiftung_detail_url,content_available_in_source,website_available,partner_site,internal_page,status,http_code,video_links_found,embedded_signals,warning,error
Friedrich-Wilhelm-Murnau-Stiftung,friedrich-wilhelm-murnau-stiftung,Germany,Europe,DE-FW-MURNAU-STIFTUNG,Film archive and rights-holding foundation with public film database,https://www.murnau-stiftung.de/,True,True,https://www.murnau-stiftung.de/,https://www.murnau-stiftung.de/filmbestand,ok,200,0,0,Página institucional do acervo; robots=robots_evaluated.,
Friedrich-Wilhelm-Murnau-Stiftung,friedrich-wilhelm-murnau-stiftung,Germany,Europe,DE-FW-MURNAU-STIFTUNG,Film archive and rights-holding foundation with public film database,https://www.murnau-stiftung.de/,True,True,https://www.murnau-stiftung.de/,https://www.murnau-stiftung.de/list/movies/letter/A,ok,200,207,0,Partição alfabética A; links únicos na página=207; robots=robots_evaluated.,
Friedrich-Wilhelm-Murnau-Stiftung,friedrich-wilhelm-murnau-stiftung,Germany,Europe,DE-FW-MURNAU-STIFTUNG,Film archive and rights-holding foundation with public film database,https://www.murnau-stiftung.de/,True,True,https://www.murnau-stiftung.de/,https://www.murnau-stiftung.de/list/movies/letter/B,ok,200,216,0,Partição alfabética B; links únicos na página=216; robots=robots_evaluated.,
Friedrich-Wilhelm-Murnau-Stiftung,friedrich-wilhelm-murnau-stiftung,Germany,Europe,DE-FW-MURNAU-STIFTUNG,Film archive and rights-holding foundation with public film database,https://www.murnau-stiftung.de/,True,True,https://www.murnau-stiftung.de/,https://www.murnau-stiftung.de/list/movies/letter/C,ok,200,49,0,Partição alfabética C; links únicos na página=49; robots=robots_evaluated.,
Friedrich-Wilhelm-Murnau-Stiftung,friedrich-wilhelm-murnau-stiftung,Germany,Europe,DE-FW-MURNAU-STIFTUNG,Film archive and rights-holding foundation with public film database,https://www.murnau-stiftung.de/,True,True,https://www.murnau-stiftung.de/,https://www.murnau-stiftung.de/list/movies/letter/D,ok,200,153,0,Partição alfabética D; links únicos na página=153; robots=robots_evaluated.,
Friedrich-Wilhelm-Murnau-Stiftung,friedrich-wilhelm-murnau-stiftung,Germany,Europe,DE-FW-MURNAU-STIFTUNG,Film archive and rights-holding foundation with public film database,https://www.murnau-stiftung.de/,True,True,https://www.murnau-stiftung.de/,https://www.murnau-stiftung.de/list/movies/letter/E,ok,200,147,0,Partição alfabética E; links únicos na página=147; robots=robots_evaluated.,
Friedrich-Wilhelm-Murnau-Stiftung,friedrich-wilhelm-murnau-stiftung,Germany,Europe,DE-FW-MURNAU-STIFTUNG,Film archive and rights-holding foundation with public film database,https://www.murnau-stiftung.de/,True,True,https://www.murnau-stiftung.de/,https://www.murnau-stiftung.de/list/movies/letter/F,ok,200,234,0,Partição alfabética F; links únicos na página=234; robots=robots_evaluated.,
Friedrich-Wilhelm-Murnau-Stiftung,friedrich-wilhelm-murnau-stiftung,Germany,Europe,DE-FW-MURNAU-STIFTUNG,Film archive and rights-holding foundation with public film database,https://www.murnau-stiftung.de/,True,True,https://www.murnau-stiftung.de/,https://www.murnau-stiftung.de/list/movies/letter/G,ok,200,253,0,Partição alfabética G; links únicos na página=253; robots=robots_evaluated.,
Friedrich-Wilhelm-Murnau-Stiftung,friedrich-wilhelm-murnau-stiftung,Germany,Europe,DE-FW-MURNAU-STIFTUNG,Film archive and rights-holding foundation with public film database,https://www.murnau-stiftung.de/,True,True,https://www.murnau-stiftung.de/,https://www.murnau-stiftung.de/list/movies/letter/H,ok,200,200,0,Partição alfabética H; links únicos na página=200; robots=robots_evaluated.,
Friedrich-Wilhelm-Murnau-Stiftung,friedrich-wilhelm-murnau-stiftung,Germany,Europe,DE-FW-MURNAU-STIFTUNG,Film archive and rights-holding foundation with public film database,https://www.murnau-stiftung.de/,True,True,https://www.murnau-stiftung.de/,https://www.murnau-stiftung.de/list/movies/letter/I,ok,200,148,0,Partição alfabética I; links únicos na página=148; robots=robots_evaluated.,
Friedrich-Wilhelm-Murnau-Stiftung,friedrich-wilhelm-murnau-stiftung,Germany,Europe,DE-FW-MURNAU-STIFTUNG,Film archive and rights-holding foundation with public film database,https://www.murnau-stiftung.de/,True,True,https://www.murnau-stiftung.de/,https://www.murnau-stiftung.de/list/movies/letter/J,ok,200,74,0,Partição alfabética J; links únicos na página=74; robots=robots_evaluated.,
Friedrich-Wilhelm-Murnau-Stiftung,friedrich-wilhelm-murnau-stiftung,Germany,Europe,DE-FW-MURNAU-STIFTUNG,Film archive and rights-holding foundation with public film database,https://www.murnau-stiftung.de/,True,True,https://www.murnau-stiftung.de/,https://www.murnau-stiftung.de/list/movies/letter/K,ok,200,219,0,Partição alfabética K; links únicos na página=219; robots=robots_evaluated.,
Friedrich-Wilhelm-Murnau-Stiftung,friedrich-wilhelm-murnau-stiftung,Germany,Europe,DE-FW-MURNAU-STIFTUNG,Film archive and rights-holding foundation with public film database,https://www.murnau-stiftung.de/,True,True,https://www.murnau-stiftung.de/,https://www.murnau-stiftung.de/list/movies/letter/L,ok,200,172,0,Partição alfabética L; links únicos na página=172; robots=robots_evaluated.,
Friedrich-Wilhelm-Murnau-Stiftung,friedrich-wilhelm-murnau-stiftung,Germany,Europe,DE-FW-MURNAU-STIFTUNG,Film archive and rights-holding foundation with public film database,https://www.murnau-stiftung.de/,True,True,https://www.murnau-stiftung.de/,https://www.murnau-stiftung.de/list/movies/letter/M,ok,200,276,0,Partição alfabética M; links únicos na página=276; robots=robots_evaluated.,
Friedrich-Wilhelm-Murnau-Stiftung,friedrich-wilhelm-murnau-stiftung,Germany,Europe,DE-FW-MURNAU-STIFTUNG,Film archive and rights-holding foundation with public film database,https://www.murnau-stiftung.de/,True,True,https://www.murnau-stiftung.de/,https://www.murnau-stiftung.de/list/movies/letter/N,ok,200,87,0,Partição alfabética N; links únicos na página=87; robots=robots_evaluated.,
Friedrich-Wilhelm-Murnau-Stiftung,friedrich-wilhelm-murnau-stiftung,Germany,Europe,DE-FW-MURNAU-STIFTUNG,Film archive and rights-holding foundation with public film database,https://www.murnau-stiftung.de/,True,True,https://www.murnau-stiftung.de/,https://www.murnau-stiftung.de/list/movies/letter/O,ok,200,38,0,Partição alfabética O; links únicos na página=38; robots=robots_evaluated.,
Friedrich-Wilhelm-Murnau-Stiftung,friedrich-wilhelm-murnau-stiftung,Germany,Europe,DE-FW-MURNAU-STIFTUNG,Film archive and rights-holding foundation with public film database,https://www.murnau-stiftung.de/,True,True,https://www.murnau-stiftung.de/,https://www.murnau-stiftung.de/list/movies/letter/P,ok,200,131,0,Partição alfabética P; links únicos na página=131; robots=robots_evaluated.,
Friedrich-Wilhelm-Murnau-Stiftung,friedrich-wilhelm-murnau-stiftung,Germany,Europe,DE-FW-MURNAU-STIFTUNG,Film archive and rights-holding foundation with public film database,https://www.murnau-stiftung.de/,True,True,https://www.murnau-stiftung.de/,https://www.murnau-stiftung.de/list/movies/letter/Q,ok,200,12,0,Partição alfabética Q; links únicos na página=12; robots=robots_evaluated.,
Friedrich-Wilhelm-Murnau-Stiftung,friedrich-wilhelm-murnau-stiftung,Germany,Europe,DE-FW-MURNAU-STIFTUNG,Film archive and rights-holding foundation with public film database,https://www.murnau-stiftung.de/,True,True,https://www.murnau-stiftung.de/,https://www.murnau-stiftung.de/list/movies/letter/R,ok,200,125,0,Partição alfabética R; links únicos na página=125; robots=robots_evaluated.,
Friedrich-Wilhelm-Murnau-Stiftung,friedrich-wilhelm-murnau-stiftung,Germany,Europe,DE-FW-MURNAU-STIFTUNG,Film archive and rights-holding foundation with public film database,https://www.murnau-stiftung.de/,True,True,https://www.murnau-stiftung.de/,https://www.murnau-stiftung.de/list/movies/letter/S,ok,200,407,0,Partição alfabética S; links únicos na página=407; robots=robots_evaluated.,
Friedrich-Wilhelm-Murnau-Stiftung,friedrich-wilhelm-murnau-stiftung,Germany,Europe,DE-FW-MURNAU-STIFTUNG,Film archive and rights-holding foundation with public film database,https://www.murnau-stiftung.de/,True,True,https://www.murnau-stiftung.de/,https://www.murnau-stiftung.de/list/movies/letter/T,ok,200,159,0,Partição alfabética T; links únicos na página=159; robots=robots_evaluated.,
Friedrich-Wilhelm-Murnau-Stiftung,friedrich-wilhelm-murnau-stiftung,Germany,Europe,DE-FW-MURNAU-STIFTUNG,Film archive and rights-holding foundation with public film database,https://www.murnau-stiftung.de/,True,True,https://www.murnau-stiftung.de/,https://www.murnau-stiftung.de/list/movies/letter/U,ok,200,79,0,Partição alfabética U; links únicos na página=79; robots=robots_evaluated.,
Friedrich-Wilhelm-Murnau-Stiftung,friedrich-wilhelm-murnau-stiftung,Germany,Europe,DE-FW-MURNAU-STIFTUNG,Film archive and rights-holding foundation with public film database,https://www.murnau-stiftung.de/,True,True,https://www.murnau-stiftung.de/,https://www.murnau-stiftung.de/list/movies/letter/V,ok,200,151,0,Partição alfabética V; links únicos na página=151; robots=robots_evaluated.,
Friedrich-Wilhelm-Murnau-Stiftung,friedrich-wilhelm-murnau-stiftung,Germany,Europe,DE-FW-MURNAU-STIFTUNG,Film archive and rights-holding foundation with public film database,https://www.murnau-stiftung.de/,True,True,https://www.murnau-stiftung.de/,https://www.murnau-stiftung.de/list/movies/letter/W,ok,200,258,0,Partição alfabética W; links únicos na página=258; robots=robots_evaluated.,
Friedrich-Wilhelm-Murnau-Stiftung,friedrich-wilhelm-murnau-stiftung,Germany,Europe,DE-FW-MURNAU-STIFTUNG,Film archive and rights-holding foundation with public film database,https://www.murnau-stiftung.de/,True,True,https://www.murnau-stiftung.de/,https://www.murnau-stiftung.de/list/movies/letter/X,ok,200,2,0,Partição alfabética X; links únicos na página=2; robots=robots_evaluated.,
Friedrich-Wilhelm-Murnau-Stiftung,friedrich-wilhelm-murnau-stiftung,Germany,Europe,DE-FW-MURNAU-STIFTUNG,Film archive and rights-holding foundation with public film database,https://www.murnau-stiftung.de/,True,True,https://www.murnau-stiftung.de/,https://www.murnau-stiftung.de/list/movies/letter/Y,ok,200,4,0,Partição alfabética Y; links únicos na página=4; robots=robots_evaluated.,
Friedrich-Wilhelm-Murnau-Stiftung,friedrich-wilhelm-murnau-stiftung,Germany,Europe,DE-FW-MURNAU-STIFTUNG,Film archive and rights-holding foundation with public film database,https://www.murnau-stiftung.de/,True,True,https://www.murnau-stiftung.de/,https://www.murnau-stiftung.de/list/movies/letter/Z,ok,200,88,0,Partição alfabética Z; links únicos na página=88; robots=robots_evaluated.,
Friedrich-Wilhelm-Murnau-Stiftung,friedrich-wilhelm-murnau-stiftung,Germany,Europe,DE-FW-MURNAU-STIFTUNG,Film archive and rights-holding foundation with public film database,https://www.murnau-stiftung.de/,True,True,https://www.murnau-stiftung.de/,https://www.murnau-stiftung.de/movie/15682,ok,200,1,0,Ficha pública enriquecida de forma determinística; robots=robots_evaluated.,
Friedrich-Wilhelm-Murnau-Stiftung,friedrich-wilhelm-murnau-stiftung,Germany,Europe,DE-FW-MURNAU-STIFTUNG,Film archive and rights-holding foundation with public film database,https://www.murnau-stiftung.de/,True,True,https://www.murnau-stiftung.de/,https://www.murnau-stiftung.de/movie/17897,ok,200,1,0,Ficha pública enriquecida de forma determinística; robots=robots_evaluated.,
Friedrich-Wilhelm-Murnau-Stiftung,friedrich-wilhelm-murnau-stiftung,Germany,Europe,DE-FW-MURNAU-STIFTUNG,Film archive and rights-holding foundation with public film database,https://www.murnau-stiftung.de/,True,True,https://www.murnau-stiftung.de/,https://www.murnau-stiftung.de/movie/12,ok,200,1,0,Ficha pública enriquecida de forma determinística; robots=robots_evaluated.,
Friedrich-Wilhelm-Murnau-Stiftung,friedrich-wilhelm-murnau-stiftung,Germany,Europe,DE-FW-MURNAU-STIFTUNG,Film archive and rights-holding foundation with public film database,https://www.murnau-stiftung.de/,True,True,https://www.murnau-stiftung.de/,https://www.murnau-stiftung.de/movie/7403,ok,200,1,0,Ficha pública enriquecida de forma determinística; robots=robots_evaluated.,
Friedrich-Wilhelm-Murnau-Stiftung,friedrich-wilhelm-murnau-stiftung,Germany,Europe,DE-FW-MURNAU-STIFTUNG,Film archive and rights-holding foundation with public film database,https://www.murnau-stiftung.de/,True,True,https://www.murnau-stiftung.de/,https://www.murnau-stiftung.de/movie/7936,ok,200,1,0,Ficha pública enriquecida de forma determinística; robots=robots_evaluated.,
Friedrich-Wilhelm-Murnau-Stiftung,friedrich-wilhelm-murnau-stiftung,Germany,Europe,DE-FW-MURNAU-STIFTUNG,Film archive and rights-holding foundation with public film database,https://www.murnau-stiftung.de/,True,True,https://www.murnau-stiftung.de/,https://www.murnau-stiftung.de/movie/13,ok,200,1,0,Ficha pública enriquecida de forma determinística; robots=robots_evaluated.,
Friedrich-Wilhelm-Murnau-Stiftung,friedrich-wilhelm-murnau-stiftung,Germany,Europe,DE-FW-MURNAU-STIFTUNG,Film archive and rights-holding foundation with public film database,https://www.murnau-stiftung.de/,True,True,https://www.murnau-stiftung.de/,https://www.murnau-stiftung.de/movie/15938,ok,200,1,0,Ficha pública enriquecida de forma determinística; robots=robots_evaluated.,
Friedrich-Wilhelm-Murnau-Stiftung,friedrich-wilhelm-murnau-stiftung,Germany,Europe,DE-FW-MURNAU-STIFTUNG,Film archive and rights-holding foundation with public film database,https://www.murnau-stiftung.de/,True,True,https://www.murnau-stiftung.de/,https://www.murnau-stiftung.de/movie/4468,ok,200,1,0,Ficha pública enriquecida de forma determinística; robots=robots_evaluated.,
Friedrich-Wilhelm-Murnau-Stiftung,friedrich-wilhelm-murnau-stiftung,Germany,Europe,DE-FW-MURNAU-STIFTUNG,Film archive and rights-holding foundation with public film database,https://www.murnau-stiftung.de/,True,True,https://www.murnau-stiftung.de/,https://www.murnau-stiftung.de/movie/7982,ok,200,1,0,Ficha pública enriquecida de forma determinística; robots=robots_evaluated.,
Friedrich-Wilhelm-Murnau-Stiftung,friedrich-wilhelm-murnau-stiftung,Germany,Europe,DE-FW-MURNAU-STIFTUNG,Film archive and rights-holding foundation with public film database,https://www.murnau-stiftung.de/,True,True,https://www.murnau-stiftung.de/,https://www.murnau-stiftung.de/movie/15417,ok,200,1,0,Ficha pública enriquecida de forma determinística; robots=robots_evaluated.,
Friedrich-Wilhelm-Murnau-Stiftung,friedrich-wilhelm-murnau-stiftung,Germany,Europe,DE-FW-MURNAU-STIFTUNG,Film archive and rights-holding foundation with public film database,https://www.murnau-stiftung.de/,True,True,https://www.murnau-stiftung.de/,https://www.murnau-stiftung.de/movie/21253,ok,200,1,0,Ficha pública enriquecida de forma determinística; robots=robots_evaluated.,
Friedrich-Wilhelm-Murnau-Stiftung,friedrich-wilhelm-murnau-stiftung,Germany,Europe,DE-FW-MURNAU-STIFTUNG,Film archive and rights-holding foundation with public film database,https://www.murnau-stiftung.de/,True,True,https://www.murnau-stiftung.de/,https://www.murnau-stiftung.de/movie/12138,ok,200,1,0,Ficha pública enriquecida de forma determinística; robots=robots_evaluated.,
Friedrich-Wilhelm-Murnau-Stiftung,friedrich-wilhelm-murnau-stiftung,Germany,Europe,DE-FW-MURNAU-STIFTUNG,Film archive and rights-holding foundation with public film database,https://www.murnau-stiftung.de/,True,True,https://www.murnau-stiftung.de/,https://www.murnau-stiftung.de/movie/11,ok,200,1,0,Ficha pública enriquecida de forma determinística; robots=robots_evaluated.,
Friedrich-Wilhelm-Murnau-Stiftung,friedrich-wilhelm-murnau-stiftung,Germany,Europe,DE-FW-MURNAU-STIFTUNG,Film archive and rights-holding foundation with public film database,https://www.murnau-stiftung.de/,True,True,https://www.murnau-stiftung.de/,https://www.murnau-stiftung.de/movie/7793,ok,200,1,0,Ficha pública enriquecida de forma determinística; robots=robots_evaluated.,
Friedrich-Wilhelm-Murnau-Stiftung,friedrich-wilhelm-murnau-stiftung,Germany,Europe,DE-FW-MURNAU-STIFTUNG,Film archive and rights-holding foundation with public film database,https://www.murnau-stiftung.de/,True,True,https://www.murnau-stiftung.de/,https://www.murnau-stiftung.de/movie/13928,ok,200,1,0,Ficha pública enriquecida de forma determinística; robots=robots_evaluated.,
Friedrich-Wilhelm-Murnau-Stiftung,friedrich-wilhelm-murnau-stiftung,Germany,Europe,DE-FW-MURNAU-STIFTUNG,Film archive and rights-holding foundation with public film database,https://www.murnau-stiftung.de/,True,True,https://www.murnau-stiftung.de/,https://www.murnau-stiftung.de/movie/15683,ok,200,1,0,Ficha pública enriquecida de forma determinística; robots=robots_evaluated.,
Friedrich-Wilhelm-Murnau-Stiftung,friedrich-wilhelm-murnau-stiftung,Germany,Europe,DE-FW-MURNAU-STIFTUNG,Film archive and rights-holding foundation with public film database,https://www.murnau-stiftung.de/,True,True,https://www.murnau-stiftung.de/,https://www.murnau-stiftung.de/movie/15939,ok,200,1,0,Ficha pública enriquecida de forma determinística; robots=robots_evaluated.,
Friedrich-Wilhelm-Murnau-Stiftung,friedrich-wilhelm-murnau-stiftung,Germany,Europe,DE-FW-MURNAU-STIFTUNG,Film archive and rights-holding foundation with public film database,https://www.murnau-stiftung.de/,True,True,https://www.murnau-stiftung.de/,https://www.murnau-stiftung.de/movie/15684,ok,200,1,0,Ficha pública enriquecida de forma determinística; robots=robots_evaluated.,
Friedrich-Wilhelm-Murnau-Stiftung,friedrich-wilhelm-murnau-stiftung,Germany,Europe,DE-FW-MURNAU-STIFTUNG,Film archive and rights-holding foundation with public film database,https://www.murnau-stiftung.de/,True,True,https://www.murnau-stiftung.de/,https://www.murnau-stiftung.de/movie/7699,ok,200,1,0,Ficha pública enriquecida de forma determinística; robots=robots_evaluated.,
Friedrich-Wilhelm-Murnau-Stiftung,friedrich-wilhelm-murnau-stiftung,Germany,Europe,DE-FW-MURNAU-STIFTUNG,Film archive and rights-holding foundation with public film database,https://www.murnau-stiftung.de/,True,True,https://www.murnau-stiftung.de/,https://www.murnau-stiftung.de/movie/3174,ok,200,1,0,Ficha pública enriquecida de forma determinística; robots=robots_evaluated.,
Friedrich-Wilhelm-Murnau-Stiftung,friedrich-wilhelm-murnau-stiftung,Germany,Europe,DE-FW-MURNAU-STIFTUNG,Film archive and rights-holding foundation with public film database,https://www.murnau-stiftung.de/,True,True,https://www.murnau-stiftung.de/,https://www.murnau-stiftung.de/movie/12057,ok,200,1,0,Ficha pública enriquecida de forma determinística; robots=robots_evaluated.,
Friedrich-Wilhelm-Murnau-Stiftung,friedrich-wilhelm-murnau-stiftung,Germany,Europe,DE-FW-MURNAU-STIFTUNG,Film archive and rights-holding foundation with public film database,https://www.murnau-stiftung.de/,True,True,https://www.murnau-stiftung.de/,https://www.murnau-stiftung.de/movie/7696,ok,200,1,0,Ficha pública enriquecida de forma determinística; robots=robots_evaluated.,
Friedrich-Wilhelm-Murnau-Stiftung,friedrich-wilhelm-murnau-stiftung,Germany,Europe,DE-FW-MURNAU-STIFTUNG,Film archive and rights-holding foundation with public film database,https://www.murnau-stiftung.de/,True,True,https://www.murnau-stiftung.de/,https://www.murnau-stiftung.de/movie/5509,ok,200,1,0,Ficha pública enriquecida de forma determinística; robots=robots_evaluated.,
Friedrich-Wilhelm-Murnau-Stiftung,friedrich-wilhelm-murnau-stiftung,Germany,Europe,DE-FW-MURNAU-STIFTUNG,Film archive and rights-holding foundation with public film database,https://www.murnau-stiftung.de/,True,True,https://www.murnau-stiftung.de/,https://www.murnau-stiftung.de/movie/17921,ok,200,1,0,Ficha pública enriquecida de forma determinística; robots=robots_evaluated.,
